{
  "project_info": {
    "project_number": "388440335323",
    "firebase_url": "https://photo-ac56c.firebaseio.com",
    "project_id": "photo-ac56c",
    "storage_bucket": "photo-ac56c.appspot.com"
  },
  "client": [
    {
      "client_info": {
        "mobilesdk_app_id": "1:388440335323:android:f84b7f6d7d5441f321fdfe",
        "android_client_info": {
          "package_name": "kr.ac.mjc.photo"
        }
      },
      "oauth_client": [
        {
          "client_id": "388440335323-drm6rnq31vdf52m0684tqbje3n0b8153.apps.googleusercontent.com",
          "client_type": 3
        }
      ],
      "api_key": [
        {
          "current_key": "AIzaSyDnkTBSRWogKAXjJZs9AK7C-W9uM3i6zw4"
        }
      ],
      "services": {
        "appinvite_service": {
          "other_platform_oauth_client": [
            {
              "client_id": "388440335323-drm6rnq31vdf52m0684tqbje3n0b8153.apps.googleusercontent.com",
              "client_type": 3
            }
          ]
        }
      }
    }
  ],
  "configuration_version": "1"
}